;DEVICE;FUNCTION;DATA_TYPE;DATA_START;DATA_RANGE;RANGE_S
1;Arm;binary_search;int8_t;-128.0;255.0;2
2;Arm;binary_search;int16_t;-32766.0;65532.0;2
3;Arm;binary_search;int32_t;-2147483640.0;4294967280.0;2
4;Arm;binary_search;int64_t;-9.223372036854776e+18;1.8446744073709552e+19;2
5;Thumb;binary_search;int8_t;-128.0;255.0;2
6;Thumb;binary_search;int16_t;-32766.0;65532.0;2
7;Thumb;binary_search;int32_t;-2147483640.0;4294967280.0;2
8;Thumb;binary_search;int64_t;-9.223372036854776e+18;1.8446744073709552e+19;2
9;Atmega328p;binary_search;int8_t;-128.0;255.0;2
10;Atmega328p;binary_search;int16_t;-32766.0;65532.0;2
11;Atmega328p;binary_search;int32_t;-2147483640.0;4294967280.0;2
12;Atmega328p;binary_search;int64_t;-9.223372036854776e+18;1.8446744073709552e+19;2
13;Leon3;binary_search;int8_t;-128.0;255.0;2
14;Leon3;binary_search;int16_t;-32766.0;65532.0;2
15;Leon3;binary_search;int32_t;-2147483640.0;4294967280.0;2
16;Leon3;binary_search;int64_t;-9.223372036854776e+18;1.8446744073709552e+19;2
17;RiscV;binary_search;int8_t;-128.0;255.0;2
18;RiscV;binary_search;int16_t;-32766.0;65532.0;2
19;RiscV;binary_search;int32_t;-2147483640.0;4294967280.0;2
20;RiscV;binary_search;int64_t;-9.223372036854776e+18;1.8446744073709552e+19;2
21;Arm;binary_search;int8_t;-128.0;255.0;2
22;Arm;binary_search;int16_t;-32766.0;65532.0;2
23;Arm;binary_search;int32_t;-2147483640.0;4294967280.0;2
24;Arm;binary_search;int64_t;-9.223372036854776e+18;1.8446744073709552e+19;2
25;Thumb;binary_search;int8_t;-128.0;255.0;2
26;Thumb;binary_search;int16_t;-32766.0;65532.0;2
27;Thumb;binary_search;int32_t;-2147483640.0;4294967280.0;2
28;Thumb;binary_search;int64_t;-9.223372036854776e+18;1.8446744073709552e+19;2
29;Atmega328p;binary_search;int8_t;-128.0;255.0;2
30;Atmega328p;binary_search;int16_t;-32766.0;65532.0;2
31;Atmega328p;binary_search;int32_t;-2147483640.0;4294967280.0;2
32;Atmega328p;binary_search;int64_t;-9.223372036854776e+18;1.8446744073709552e+19;2
33;Leon3;binary_search;int8_t;-128.0;255.0;2
34;Leon3;binary_search;int16_t;-32766.0;65532.0;2
35;Leon3;binary_search;int32_t;-2147483640.0;4294967280.0;2
36;Leon3;binary_search;int64_t;-9.223372036854776e+18;1.8446744073709552e+19;2
37;RiscV;binary_search;int8_t;-128.0;255.0;2
38;RiscV;binary_search;int16_t;-32766.0;65532.0;2
39;RiscV;binary_search;int32_t;-2147483640.0;4294967280.0;2
40;RiscV;binary_search;int64_t;-9.223372036854776e+18;1.8446744073709552e+19;2
41;Arm;binary_search;int8_t;-128.0;255.0;2
42;Arm;binary_search;int16_t;-32766.0;65532.0;2
43;Arm;binary_search;int32_t;-2147483640.0;4294967280.0;2
44;Arm;binary_search;int64_t;-9.223372036854776e+18;1.8446744073709552e+19;2
45;Thumb;binary_search;int8_t;-128.0;255.0;2
46;Thumb;binary_search;int16_t;-32766.0;65532.0;2
47;Thumb;binary_search;int32_t;-2147483640.0;4294967280.0;2
48;Thumb;binary_search;int64_t;-9.223372036854776e+18;1.8446744073709552e+19;2
49;Atmega328p;binary_search;int8_t;-128.0;255.0;2
50;Atmega328p;binary_search;int16_t;-32766.0;65532.0;2
51;Atmega328p;binary_search;int32_t;-2147483640.0;4294967280.0;2
52;Atmega328p;binary_search;int64_t;-9.223372036854776e+18;1.8446744073709552e+19;2
53;Leon3;binary_search;int8_t;-128.0;255.0;2
54;Leon3;binary_search;int16_t;-32766.0;65532.0;2
55;Leon3;binary_search;int32_t;-2147483640.0;4294967280.0;2
56;Leon3;binary_search;int64_t;-9.223372036854776e+18;1.8446744073709552e+19;2
57;RiscV;binary_search;int8_t;-128.0;255.0;2
58;RiscV;binary_search;int16_t;-32766.0;65532.0;2
59;RiscV;binary_search;int32_t;-2147483640.0;4294967280.0;2
60;RiscV;binary_search;int64_t;-9.223372036854776e+18;1.8446744073709552e+19;2
61;Arm;binary_search;int8_t;-128.0;255.0;2
62;Arm;binary_search;int16_t;-32766.0;65532.0;2
63;Arm;binary_search;int32_t;-2147483640.0;4294967280.0;2
64;Arm;binary_search;int64_t;-9.223372036854776e+18;1.8446744073709552e+19;2
65;Thumb;binary_search;int8_t;-128.0;255.0;2
66;Thumb;binary_search;int16_t;-32766.0;65532.0;2
67;Thumb;binary_search;int32_t;-2147483640.0;4294967280.0;2
68;Thumb;binary_search;int64_t;-9.223372036854776e+18;1.8446744073709552e+19;2
69;Atmega328p;binary_search;int8_t;-128.0;255.0;2
70;Atmega328p;binary_search;int16_t;-32766.0;65532.0;2
71;Atmega328p;binary_search;int32_t;-2147483640.0;4294967280.0;2
72;Atmega328p;binary_search;int64_t;-9.223372036854776e+18;1.8446744073709552e+19;2
73;Leon3;binary_search;int8_t;-128.0;255.0;2
74;Leon3;binary_search;int16_t;-32766.0;65532.0;2
75;Leon3;binary_search;int32_t;-2147483640.0;4294967280.0;2
76;Leon3;binary_search;int64_t;-9.223372036854776e+18;1.8446744073709552e+19;2
77;RiscV;binary_search;int8_t;-128.0;255.0;2
78;RiscV;binary_search;int16_t;-32766.0;65532.0;2
79;RiscV;binary_search;int32_t;-2147483640.0;4294967280.0;2
80;RiscV;binary_search;int64_t;-9.223372036854776e+18;1.8446744073709552e+19;2
81;Arm;binary_search;int8_t;-128.0;255.0;2
82;Arm;binary_search;int16_t;-32766.0;65532.0;2
83;Arm;binary_search;int32_t;-2147483640.0;4294967280.0;2
84;Arm;binary_search;int64_t;-9.223372036854776e+18;1.8446744073709552e+19;2
85;Thumb;binary_search;int8_t;-128.0;255.0;2
86;Thumb;binary_search;int16_t;-32766.0;65532.0;2
87;Thumb;binary_search;int32_t;-2147483640.0;4294967280.0;2
88;Thumb;binary_search;int64_t;-9.223372036854776e+18;1.8446744073709552e+19;2
89;Atmega328p;binary_search;int8_t;-128.0;255.0;2
90;Atmega328p;binary_search;int16_t;-32766.0;65532.0;2
91;Atmega328p;binary_search;int32_t;-2147483640.0;4294967280.0;2
92;Atmega328p;binary_search;int64_t;-9.223372036854776e+18;1.8446744073709552e+19;2
93;Leon3;binary_search;int8_t;-128.0;255.0;2
94;Leon3;binary_search;int16_t;-32766.0;65532.0;2
95;Leon3;binary_search;int32_t;-2147483640.0;4294967280.0;2
96;Leon3;binary_search;int64_t;-9.223372036854776e+18;1.8446744073709552e+19;2
97;RiscV;binary_search;int8_t;-128.0;255.0;2
98;RiscV;binary_search;int16_t;-32766.0;65532.0;2
99;RiscV;binary_search;int32_t;-2147483640.0;4294967280.0;2
100;RiscV;binary_search;int64_t;-9.223372036854776e+18;1.8446744073709552e+19;2
101;Arm;astar;int8_t;-128.0;255.0;2
102;Arm;astar;int16_t;2.0;253.0;2
103;Arm;astar;int32_t;2.0;253.0;2
104;Arm;astar;int64_t;2.0;253.0;2
105;Thumb;astar;int8_t;-128.0;255.0;2
106;Thumb;astar;int16_t;2.0;253.0;2
107;Thumb;astar;int32_t;2.0;253.0;2
108;Thumb;astar;int64_t;2.0;253.0;2
109;Atmega328p;astar;int8_t;-128.0;255.0;2
110;Atmega328p;astar;int16_t;2.0;253.0;2
111;Atmega328p;astar;int32_t;2.0;253.0;2
112;Atmega328p;astar;int64_t;2.0;253.0;2
113;Leon3;astar;int8_t;-128.0;255.0;2
114;Leon3;astar;int16_t;2.0;253.0;2
115;Leon3;astar;int32_t;2.0;253.0;2
116;Leon3;astar;int64_t;2.0;253.0;2
117;RiscV;astar;int8_t;-128.0;255.0;2
118;RiscV;astar;int16_t;2.0;253.0;2
119;RiscV;astar;int32_t;2.0;253.0;2
120;RiscV;astar;int64_t;2.0;253.0;2
121;Arm;astar;int8_t;-128.0;255.0;2
122;Arm;astar;int16_t;2.0;253.0;2
123;Arm;astar;int32_t;2.0;253.0;2
124;Arm;astar;int64_t;2.0;253.0;2
125;Thumb;astar;int8_t;-128.0;255.0;2
126;Thumb;astar;int16_t;2.0;253.0;2
127;Thumb;astar;int32_t;2.0;253.0;2
128;Thumb;astar;int64_t;2.0;253.0;2
129;Atmega328p;astar;int8_t;-128.0;255.0;2
130;Atmega328p;astar;int16_t;2.0;253.0;2
131;Atmega328p;astar;int32_t;2.0;253.0;2
132;Atmega328p;astar;int64_t;2.0;253.0;2
133;Leon3;astar;int8_t;-128.0;255.0;2
134;Leon3;astar;int16_t;2.0;253.0;2
135;Leon3;astar;int32_t;2.0;253.0;2
136;Leon3;astar;int64_t;2.0;253.0;2
137;RiscV;astar;int8_t;-128.0;255.0;2
138;RiscV;astar;int16_t;2.0;253.0;2
139;RiscV;astar;int32_t;2.0;253.0;2
140;RiscV;astar;int64_t;2.0;253.0;2
141;Arm;astar;int8_t;-128.0;255.0;2
142;Arm;astar;int16_t;2.0;253.0;2
143;Arm;astar;int32_t;2.0;253.0;2
144;Arm;astar;int64_t;2.0;253.0;2
145;Thumb;astar;int8_t;-128.0;255.0;2
146;Thumb;astar;int16_t;2.0;253.0;2
147;Thumb;astar;int32_t;2.0;253.0;2
148;Thumb;astar;int64_t;2.0;253.0;2
149;Atmega328p;astar;int8_t;-128.0;255.0;2
150;Atmega328p;astar;int16_t;2.0;253.0;2
151;Atmega328p;astar;int32_t;2.0;253.0;2
152;Atmega328p;astar;int64_t;2.0;253.0;2
153;Leon3;astar;int8_t;-128.0;255.0;2
154;Leon3;astar;int16_t;2.0;253.0;2
155;Leon3;astar;int32_t;2.0;253.0;2
156;Leon3;astar;int64_t;2.0;253.0;2
157;RiscV;astar;int8_t;-128.0;255.0;2
158;RiscV;astar;int16_t;2.0;253.0;2
159;RiscV;astar;int32_t;2.0;253.0;2
160;RiscV;astar;int64_t;2.0;253.0;2
161;Arm;astar;int8_t;-128.0;255.0;2
162;Arm;astar;int16_t;2.0;253.0;2
163;Arm;astar;int32_t;2.0;253.0;2
164;Arm;astar;int64_t;2.0;253.0;2
165;Thumb;astar;int8_t;-128.0;255.0;2
166;Thumb;astar;int16_t;2.0;253.0;2
167;Thumb;astar;int32_t;2.0;253.0;2
168;Thumb;astar;int64_t;2.0;253.0;2
169;Atmega328p;astar;int8_t;-128.0;255.0;2
170;Atmega328p;astar;int16_t;2.0;253.0;2
171;Atmega328p;astar;int32_t;2.0;253.0;2
172;Atmega328p;astar;int64_t;2.0;253.0;2
173;Leon3;astar;int8_t;-128.0;255.0;2
174;Leon3;astar;int16_t;2.0;253.0;2
175;Leon3;astar;int32_t;2.0;253.0;2
176;Leon3;astar;int64_t;2.0;253.0;2
177;RiscV;astar;int8_t;-128.0;255.0;2
178;RiscV;astar;int16_t;2.0;253.0;2
179;RiscV;astar;int32_t;2.0;253.0;2
180;RiscV;astar;int64_t;2.0;253.0;2
181;Arm;astar;int8_t;-128.0;255.0;2
182;Arm;astar;int16_t;2.0;253.0;2
183;Arm;astar;int32_t;2.0;253.0;2
184;Arm;astar;int64_t;2.0;253.0;2
185;Thumb;astar;int8_t;-128.0;255.0;2
186;Thumb;astar;int16_t;2.0;253.0;2
187;Thumb;astar;int32_t;2.0;253.0;2
188;Thumb;astar;int64_t;2.0;253.0;2
189;Atmega328p;astar;int8_t;-128.0;255.0;2
190;Atmega328p;astar;int16_t;2.0;253.0;2
191;Atmega328p;astar;int32_t;2.0;253.0;2
192;Atmega328p;astar;int64_t;2.0;253.0;2
193;Leon3;astar;int8_t;-128.0;255.0;2
194;Leon3;astar;int16_t;2.0;253.0;2
195;Leon3;astar;int32_t;2.0;253.0;2
196;Leon3;astar;int64_t;2.0;253.0;2
197;RiscV;astar;int8_t;-128.0;255.0;2
198;RiscV;astar;int16_t;2.0;253.0;2
199;RiscV;astar;int32_t;2.0;253.0;2
200;RiscV;astar;int64_t;2.0;253.0;2
201;Arm;gcd;int8_t;2.0;125.0;2
202;Arm;gcd;int8_t;2.0;125.0;2
203;Arm;gcd;int16_t;2.0;32764.0;2
204;Arm;gcd;int16_t;2.0;32764.0;2
205;Arm;gcd;int32_t;2.0;2147483638.0;2
206;Arm;gcd;int32_t;2.0;2147483638.0;2
207;Arm;gcd;int64_t;2.0;9.223372036854776e+18;2
208;Arm;gcd;int64_t;2.0;9.223372036854776e+18;2
209;Thumb;gcd;int8_t;2.0;125.0;2
210;Thumb;gcd;int8_t;2.0;125.0;2
211;Thumb;gcd;int16_t;2.0;32764.0;2
212;Thumb;gcd;int16_t;2.0;32764.0;2
213;Thumb;gcd;int32_t;2.0;2147483638.0;2
214;Thumb;gcd;int32_t;2.0;2147483638.0;2
215;Thumb;gcd;int64_t;2.0;9.223372036854776e+18;2
216;Thumb;gcd;int64_t;2.0;9.223372036854776e+18;2
217;Atmega328p;gcd;int8_t;2.0;125.0;2
218;Atmega328p;gcd;int8_t;2.0;125.0;2
219;Atmega328p;gcd;int16_t;2.0;32764.0;2
220;Atmega328p;gcd;int16_t;2.0;32764.0;2
221;Atmega328p;gcd;int32_t;2.0;2147483638.0;2
222;Atmega328p;gcd;int32_t;2.0;2147483638.0;2
223;Atmega328p;gcd;int64_t;2.0;9.223372036854776e+18;2
224;Atmega328p;gcd;int64_t;2.0;9.223372036854776e+18;2
225;RiscV;gcd;int8_t;2.0;125.0;2
226;RiscV;gcd;int8_t;2.0;125.0;2
227;RiscV;gcd;int16_t;2.0;32764.0;2
228;RiscV;gcd;int16_t;2.0;32764.0;2
229;RiscV;gcd;int32_t;2.0;2147483638.0;2
230;RiscV;gcd;int32_t;2.0;2147483638.0;2
231;RiscV;gcd;int64_t;2.0;9.223372036854776e+18;2
232;RiscV;gcd;int64_t;2.0;9.223372036854776e+18;2
233;Leon3;gcd;int8_t;2.0;125.0;2
234;Leon3;gcd;int8_t;2.0;125.0;2
235;Leon3;gcd;int16_t;2.0;32764.0;2
236;Leon3;gcd;int16_t;2.0;32764.0;2
237;Leon3;gcd;int32_t;2.0;2147483638.0;2
238;Leon3;gcd;int32_t;2.0;2147483638.0;2
239;Leon3;gcd;int64_t;2.0;9.223372036854776e+18;2
240;Leon3;gcd;int64_t;2.0;9.223372036854776e+18;2
241;Arm;gcd;int8_t;2.0;125.0;2
242;Arm;gcd;int8_t;2.0;125.0;2
243;Arm;gcd;int16_t;2.0;32764.0;2
244;Arm;gcd;int16_t;2.0;32764.0;2
245;Arm;gcd;int32_t;2.0;2147483638.0;2
246;Arm;gcd;int32_t;2.0;2147483638.0;2
247;Arm;gcd;int64_t;2.0;9.223372036854776e+18;2
248;Arm;gcd;int64_t;2.0;9.223372036854776e+18;2
249;Thumb;gcd;int8_t;2.0;125.0;2
250;Thumb;gcd;int8_t;2.0;125.0;2
251;Thumb;gcd;int16_t;2.0;32764.0;2
252;Thumb;gcd;int16_t;2.0;32764.0;2
253;Thumb;gcd;int32_t;2.0;2147483638.0;2
254;Thumb;gcd;int32_t;2.0;2147483638.0;2
255;Thumb;gcd;int64_t;2.0;9.223372036854776e+18;2
256;Thumb;gcd;int64_t;2.0;9.223372036854776e+18;2
257;Atmega328p;gcd;int8_t;2.0;125.0;2
258;Atmega328p;gcd;int8_t;2.0;125.0;2
259;Atmega328p;gcd;int16_t;2.0;32764.0;2
260;Atmega328p;gcd;int16_t;2.0;32764.0;2
261;Atmega328p;gcd;int32_t;2.0;2147483638.0;2
262;Atmega328p;gcd;int32_t;2.0;2147483638.0;2
263;Atmega328p;gcd;int64_t;2.0;9.223372036854776e+18;2
264;Atmega328p;gcd;int64_t;2.0;9.223372036854776e+18;2
265;RiscV;gcd;int8_t;2.0;125.0;2
266;RiscV;gcd;int8_t;2.0;125.0;2
267;RiscV;gcd;int16_t;2.0;32764.0;2
268;RiscV;gcd;int16_t;2.0;32764.0;2
269;RiscV;gcd;int32_t;2.0;2147483638.0;2
270;RiscV;gcd;int32_t;2.0;2147483638.0;2
271;RiscV;gcd;int64_t;2.0;9.223372036854776e+18;2
272;RiscV;gcd;int64_t;2.0;9.223372036854776e+18;2
273;Leon3;gcd;int8_t;2.0;125.0;2
274;Leon3;gcd;int8_t;2.0;125.0;2
275;Leon3;gcd;int16_t;2.0;32764.0;2
276;Leon3;gcd;int16_t;2.0;32764.0;2
277;Leon3;gcd;int32_t;2.0;2147483638.0;2
278;Leon3;gcd;int32_t;2.0;2147483638.0;2
279;Leon3;gcd;int64_t;2.0;9.223372036854776e+18;2
280;Leon3;gcd;int64_t;2.0;9.223372036854776e+18;2
281;Arm;gcd;int8_t;2.0;125.0;2
282;Arm;gcd;int8_t;2.0;125.0;2
283;Arm;gcd;int16_t;2.0;32764.0;2
284;Arm;gcd;int16_t;2.0;32764.0;2
285;Arm;gcd;int32_t;2.0;2147483638.0;2
286;Arm;gcd;int32_t;2.0;2147483638.0;2
287;Arm;gcd;int64_t;2.0;9.223372036854776e+18;2
288;Arm;gcd;int64_t;2.0;9.223372036854776e+18;2
289;Thumb;gcd;int8_t;2.0;125.0;2
290;Thumb;gcd;int8_t;2.0;125.0;2
291;Thumb;gcd;int16_t;2.0;32764.0;2
292;Thumb;gcd;int16_t;2.0;32764.0;2
293;Thumb;gcd;int32_t;2.0;2147483638.0;2
294;Thumb;gcd;int32_t;2.0;2147483638.0;2
295;Thumb;gcd;int64_t;2.0;9.223372036854776e+18;2
296;Thumb;gcd;int64_t;2.0;9.223372036854776e+18;2
297;Atmega328p;gcd;int8_t;2.0;125.0;2
298;Atmega328p;gcd;int8_t;2.0;125.0;2
299;Atmega328p;gcd;int16_t;2.0;32764.0;2
300;Atmega328p;gcd;int16_t;2.0;32764.0;2
301;Atmega328p;gcd;int32_t;2.0;2147483638.0;2
302;Atmega328p;gcd;int32_t;2.0;2147483638.0;2
303;Atmega328p;gcd;int64_t;2.0;9.223372036854776e+18;2
304;Atmega328p;gcd;int64_t;2.0;9.223372036854776e+18;2
305;RiscV;gcd;int8_t;2.0;125.0;2
306;RiscV;gcd;int8_t;2.0;125.0;2
307;RiscV;gcd;int16_t;2.0;32764.0;2
308;RiscV;gcd;int16_t;2.0;32764.0;2
309;RiscV;gcd;int32_t;2.0;2147483638.0;2
310;RiscV;gcd;int32_t;2.0;2147483638.0;2
311;RiscV;gcd;int64_t;2.0;9.223372036854776e+18;2
312;RiscV;gcd;int64_t;2.0;9.223372036854776e+18;2
313;Leon3;gcd;int8_t;2.0;125.0;2
314;Leon3;gcd;int8_t;2.0;125.0;2
315;Leon3;gcd;int16_t;2.0;32764.0;2
316;Leon3;gcd;int16_t;2.0;32764.0;2
317;Leon3;gcd;int32_t;2.0;2147483638.0;2
318;Leon3;gcd;int32_t;2.0;2147483638.0;2
319;Leon3;gcd;int64_t;2.0;9.223372036854776e+18;2
320;Leon3;gcd;int64_t;2.0;9.223372036854776e+18;2
321;Arm;gcd;int8_t;2.0;125.0;2
322;Arm;gcd;int8_t;2.0;125.0;2
323;Arm;gcd;int16_t;2.0;32764.0;2
324;Arm;gcd;int16_t;2.0;32764.0;2
325;Arm;gcd;int32_t;2.0;2147483638.0;2
326;Arm;gcd;int32_t;2.0;2147483638.0;2
327;Arm;gcd;int64_t;2.0;9.223372036854776e+18;2
328;Arm;gcd;int64_t;2.0;9.223372036854776e+18;2
329;Thumb;gcd;int8_t;2.0;125.0;2
330;Thumb;gcd;int8_t;2.0;125.0;2
331;Thumb;gcd;int16_t;2.0;32764.0;2
332;Thumb;gcd;int16_t;2.0;32764.0;2
333;Thumb;gcd;int32_t;2.0;2147483638.0;2
334;Thumb;gcd;int32_t;2.0;2147483638.0;2
335;Thumb;gcd;int64_t;2.0;9.223372036854776e+18;2
336;Thumb;gcd;int64_t;2.0;9.223372036854776e+18;2
337;Atmega328p;gcd;int8_t;2.0;125.0;2
338;Atmega328p;gcd;int8_t;2.0;125.0;2
339;Atmega328p;gcd;int16_t;2.0;32764.0;2
340;Atmega328p;gcd;int16_t;2.0;32764.0;2
341;Atmega328p;gcd;int32_t;2.0;2147483638.0;2
342;Atmega328p;gcd;int32_t;2.0;2147483638.0;2
343;Atmega328p;gcd;int64_t;2.0;9.223372036854776e+18;2
344;Atmega328p;gcd;int64_t;2.0;9.223372036854776e+18;2
345;RiscV;gcd;int8_t;2.0;125.0;2
346;RiscV;gcd;int8_t;2.0;125.0;2
347;RiscV;gcd;int16_t;2.0;32764.0;2
348;RiscV;gcd;int16_t;2.0;32764.0;2
349;RiscV;gcd;int32_t;2.0;2147483638.0;2
350;RiscV;gcd;int32_t;2.0;2147483638.0;2
351;RiscV;gcd;int64_t;2.0;9.223372036854776e+18;2
352;RiscV;gcd;int64_t;2.0;9.223372036854776e+18;2
353;Leon3;gcd;int8_t;2.0;125.0;2
354;Leon3;gcd;int8_t;2.0;125.0;2
355;Leon3;gcd;int16_t;2.0;32764.0;2
356;Leon3;gcd;int16_t;2.0;32764.0;2
357;Leon3;gcd;int32_t;2.0;2147483638.0;2
358;Leon3;gcd;int32_t;2.0;2147483638.0;2
359;Leon3;gcd;int64_t;2.0;9.223372036854776e+18;2
360;Leon3;gcd;int64_t;2.0;9.223372036854776e+18;2
361;Arm;gcd;int8_t;2.0;125.0;2
362;Arm;gcd;int8_t;2.0;125.0;2
363;Arm;gcd;int16_t;2.0;32764.0;2
364;Arm;gcd;int16_t;2.0;32764.0;2
365;Arm;gcd;int32_t;2.0;2147483638.0;2
366;Arm;gcd;int32_t;2.0;2147483638.0;2
367;Arm;gcd;int64_t;2.0;9.223372036854776e+18;2
368;Arm;gcd;int64_t;2.0;9.223372036854776e+18;2
369;Thumb;gcd;int8_t;2.0;125.0;2
370;Thumb;gcd;int8_t;2.0;125.0;2
371;Thumb;gcd;int16_t;2.0;32764.0;2
372;Thumb;gcd;int16_t;2.0;32764.0;2
373;Thumb;gcd;int32_t;2.0;2147483638.0;2
374;Thumb;gcd;int32_t;2.0;2147483638.0;2
375;Thumb;gcd;int64_t;2.0;9.223372036854776e+18;2
376;Thumb;gcd;int64_t;2.0;9.223372036854776e+18;2
377;Atmega328p;gcd;int8_t;2.0;125.0;2
378;Atmega328p;gcd;int8_t;2.0;125.0;2
379;Atmega328p;gcd;int16_t;2.0;32764.0;2
380;Atmega328p;gcd;int16_t;2.0;32764.0;2
381;Atmega328p;gcd;int32_t;2.0;2147483638.0;2
382;Atmega328p;gcd;int32_t;2.0;2147483638.0;2
383;Atmega328p;gcd;int64_t;2.0;9.223372036854776e+18;2
384;Atmega328p;gcd;int64_t;2.0;9.223372036854776e+18;2
385;RiscV;gcd;int8_t;2.0;125.0;2
386;RiscV;gcd;int8_t;2.0;125.0;2
387;RiscV;gcd;int16_t;2.0;32764.0;2
388;RiscV;gcd;int16_t;2.0;32764.0;2
389;RiscV;gcd;int32_t;2.0;2147483638.0;2
390;RiscV;gcd;int32_t;2.0;2147483638.0;2
391;RiscV;gcd;int64_t;2.0;9.223372036854776e+18;2
392;RiscV;gcd;int64_t;2.0;9.223372036854776e+18;2
393;Leon3;gcd;int8_t;2.0;125.0;2
394;Leon3;gcd;int8_t;2.0;125.0;2
395;Leon3;gcd;int16_t;2.0;32764.0;2
396;Leon3;gcd;int16_t;2.0;32764.0;2
397;Leon3;gcd;int32_t;2.0;2147483638.0;2
398;Leon3;gcd;int32_t;2.0;2147483638.0;2
399;Leon3;gcd;int64_t;2.0;9.223372036854776e+18;2
400;Leon3;gcd;int64_t;2.0;9.223372036854776e+18;2
